2025-06-09T03:57:00.048083,result_d95ee9bbeb014885beb9e5a29de37be2.png,32,True,7,2,1,5,15,0,2,0
2025-06-09T03:59:07.147461,result_f5f49d96e5734a2babbe57c2de3ff896.png,1,True,0,0,0,1,0,0,0,0
2025-06-09T03:59:12.233011,result_d45e557fa29c48429351160e23179ab2.png,4,True,1,0,0,3,0,0,0,0
2025-06-09T03:59:26.519898,result_e1c76cb171494b85aab133c19b229ae7.png,0,False,0,0,0,0,0,0,0,0
2025-06-09T04:00:31.952323,result_a920d2ae3df841cfafec59ef7d81e662.png,32,True,7,2,1,5,15,0,2,0
2025-06-09T04:01:18.346988,result_012a0a55ef164f3e9ef36112ab975a98.png,3,True,0,0,0,3,0,0,0,0
2025-06-09T04:01:25.004588,result_1f62c065e2024c45958619c5fbb32879.png,1,True,0,0,0,1,0,0,0,0
2025-06-09T04:01:35.633574,result_f1e9a13aaf1f4fd8ae97b09443cb1acc.png,1,True,0,0,0,1,0,0,0,0
2025-06-09T04:01:44.507129,result_3c8906ee16bf419a80b87b679206149f.png,32,True,7,2,1,5,15,0,2,0
2025-06-09T04:02:03.200614,result_31c543a6afe849f8801c01aa8dc212ae.png,1,True,0,0,0,1,0,0,0,0
2025-06-09T04:02:41.364996,result_9511af46c9a24c48a2b12cd6bc784917.png,32,True,7,2,1,5,15,0,2,0
2025-06-09T04:04:17.874726,result_5c0340c279094df28ce32173bf0ef66c.png,1,True,0,0,0,1,0,0,0,0
2025-06-09T04:04:25.726070,result_dbaa62d8a4f746289dbe7ccd9800cfb9.png,32,True,7,2,1,5,15,0,2,0
2025-06-09T04:11:00.432619,result_f2f3ee564a27466ba70f954d20b0d0df.png,3,True,0,0,0,3,0,0,0,0
2025-06-09T04:11:09.361069,result_963380bc4e6e44c6af8df31f6cc6d73e.png,1,True,0,0,0,1,0,0,0,0
2025-06-09T04:11:18.500619,result_15aedf23576841268a66d91362f54784.png,32,True,7,2,1,5,15,0,2,0
2025-06-09T04:11:26.761945,result_b4f14637412a47c8804680b847eac4b8.png,1,True,0,0,0,1,0,0,0,0
2025-06-09T04:12:23.043335,result_04f8cbd51d9242faa62eacc924497470.png,1,True,0,0,0,1,0,0,0,0
2025-06-09T04:12:29.992286,result_d28ac8a56e26471cabc346af475897dd.png,1,True,0,0,0,1,0,0,0,0
2025-06-09T04:12:46.865589,result_f2ec1105aa54428fa7fb230908e22e74.png,1,True,0,0,0,1,0,0,0,0
2025-06-09T04:13:12.834548,result_1a9504a3ebcf4a9db87825ca543684a9.png,1,True,0,0,0,1,0,0,0,0
2025-06-09T04:14:04.225898,result_2d4adaeabc3a40949ea28f7cb052fdbf.png,32,True,7,2,1,5,15,0,2,0
2025-06-09T04:19:19.390394,result_5770ec79587d4312a086588305f6a93c.png,1,True,0,0,0,1,0,0,0,0
2025-06-09T04:19:26.149500,result_867b22feb814443eabda48f29a45f44d.png,3,True,0,0,0,3,0,0,0,0
2025-06-09T04:19:51.364978,result_74804b37884743f69e94d4245c56bfa6.png,3,True,0,0,0,3,0,0,0,0
2025-06-09T04:22:15.894559,result_e84abfb439364935969f42b8a6ad7221.png,1,True,0,0,0,1,0,0,0,0
2025-06-09T04:22:21.357691,result_96e31162c80247ecbe75af6912bd085e.png,3,True,0,0,0,3,0,0,0,0
2025-06-09T04:22:26.845933,result_7704ecb207ad4e9c8da3589ffb46236f.png,2,True,0,0,0,0,0,0,2,0
2025-06-09T04:22:34.275831,result_8e8a9b0b6c2a497a8d86a3cf6d7e1ff0.png,0,False,0,0,0,0,0,0,0,0
